{
  "epoch": [
    1,
    2,
    3,
    4,
    5,
    6,
    7,
    8,
    9,
    10,
    11
  ],
  "train_loss": [
    0.7277497073085953,
    0.6393664167626808,
    0.605188162524252,
    0.5885416679328764,
    0.5749355207299085,
    0.5631128057825829,
    0.5504440285224562,
    0.5397825732555506,
    0.5324424597772599,
    0.5258988296144934,
    0.5144223619006973
  ],
  "valid_loss": [
    0.6477517156309792,
    0.6113393476450646,
    0.5945325098407352,
    0.5792364963758265,
    0.5831248769819305,
    0.5636455261369506,
    0.5666298089785868,
    0.5729082490992664,
    0.5767547444085218,
    0.5637514824948061,
    0.5804373427420769
  ],
  "row_auc": [
    0.9348382362429741,
    0.9412947550996874,
    0.9451615913757224,
    0.9469822107114821,
    0.9460823222451334,
    0.949900849677813,
    0.949974002841399,
    0.9503225398624395,
    0.9479857587687374,
    0.9507611131168898,
    0.9479228696933707
  ],
  "row_ap": [
    0.13815674987126808,
    0.14808808524834796,
    0.15603721929212122,
    0.15769697207472502,
    0.15312317825736393,
    0.1601810077526017,
    0.1598392195974827,
    0.16120699354158485,
    0.15797103209597305,
    0.15930255795437032,
    0.1625144177835692
  ],
  "stay_auc": [
    0.8659588689264209,
    0.8803520628456729,
    0.8856244442931616,
    0.8907972884600707,
    0.895208904512288,
    0.8904450399490039,
    0.8925188192506132,
    0.89232644927312,
    0.893673296984175,
    0.8948600082930541,
    0.8986646016548975
  ],
  "stay_ap": [
    0.3207488896742551,
    0.340156820017621,
    0.34714507090707575,
    0.3467558093614286,
    0.35017277929277874,
    0.3504721173780025,
    0.3510733576765888,
    0.35479972936596715,
    0.3451536069823471,
    0.3501594982690883,
    0.3590887044206575
  ]
}